"Query number","Query"
1090270,"botulinum definition"
141472,"derriere definition"
127876,"define tapestry"
1090132,"tangle definition"
1090115,"task definition"
1090054,"temperature diode"
1089501,"budget meaning"
1089443,"bula definition"
1089438,"triads definition"
1089434,"tribals definition"
1089414,"trod meaning"
1089355,"burando meaning"
1089286,"burnished define"
1089158,"unnerving definition"
1089156,"unspecific synonym"
1089051,"vainglory meaning"
1089043,"vamps definition"
1088993,"veterans meaning"
1088938,"cadillac meaning"
1088903,"volatile meaning?"
1088889,"vulnerability analysis"
1088884,"wadi sirhan"
1088758,"wayfair tile"
1100986,"duralumin price"
1085918,"adverse synonym"
1085812,"advertorial meaning"
1085510,"carewell urgent"
1085421,"carpooling definition"
1100816,"engram meaning"
1100533,"flexor meaning"
1075608,"chrome defined"
1064961,"collages definition"
1100370,"archives define"
1100308,"geez definition"
1055505,"continual define"
1100173,"grips definition"
1100168,"grudge define"
1100167,"guayana venezuela"
1100151,"gyne meaning"
1100105,"harumph define"
1100094,"hassan amjad"
1100035,"heath meaning"
1100010,"hemelse modder"
1038527,"cravat definition"
1099985,"heroic realism"
1099980,"heteromorphic definition"
1035006,"culpeper flag"
1099816,"homologs definition"
1024591,"declared definition"
1022442,"define acquisition"
1021971,"define amp"
1021324,"define astronomers"
1021053,"define autoradiography"
1017971,"define cyclophosphamide"
1016015,"define eurasia"
1014885,"define foreshadows"
1013114,"define hin"
1009527,"what's grounding"
1007934,"define peen"
1006911,"define podiatry"
1006578,"define prefabricate"
1005798,"define rarefy"
1005131,"define rubus"
1004243,"define spectre"
1002554,"define uncut?"
1002482,"define venosus"
1001903,"define: (cancelling)"
1000798,"alpha orthodontic"
999552,"define; percolating"
998965,"definition diagram"
1099226,"astringent define"
197024,"greenhorns meaning"
122440,"define humidors"
10312,"accordian definition"
127315,"define spalting"
125545,"define populace"
118365,"define biobanks"
20597,"architectural design"
129565,"define: homologate"
90941,"chateau meaning"
197964,"haemoptysis causes"
49802,"belizean cuisine"
182393,"exacting definition"
181222,"equi meaning"
97295,"consolidate function"
1098481,"aultman orrville"
93308,"clientele definition"
195693,"golf cost"
123975,"define mib"
119975,"define debug"
55691,"boulangerie pronunciation"
119168,"define coherent"
53814,"bindlestiff definition"
139897,"definition sharing"
114638,"cva causes"
118702,"define calving"
126491,"define resit"
139929,"definition socorro"
58801,"calgary population"
123710,"define marmite"
126525,"define retrogressed"
181301,"eradicated definition"
139767,"definition quint"
184235,"expropriated define"
193866,"general izzam"
140804,"demasculated definition"
432653,"jail definition"
533105,"upstart meaning"
398447,"irregular flagstone"
433691,"justifying definition"
455776,"monosyllabic definition"
444790,"makeover cost"
483521,"pseudocoelom definition"
523621,"tranquilizing definition"
1097242,"abid cardiology"
395038,"inconsistency meaning"
54843,"blueberries pint"
476807,"popliteal definition"
488676,"retinue define"
117683,"define anglicised"
503674,"stereognosis definition"
464440,"nicotinic antagonists"
453705,"miff meaning"
493508,"schlimazel definition"
433680,"justice definition"
504306,"strenuously definition"
185397,"fastest lamborghini"
19552,"anxiety: definition"
536480,"verrucous lesion"
397592,"intranational definition"
481387,"price, ut"
435412,"lakegirl address"
444350,"mageirocophobia definition"
535142,"utm rounds"
119761,"define crusades"
453175,"metropolis define"
124787,"define oppress"
14963,"airport outfit"
490883,"rwa definition"
129517,"define: entity's"
461281,"name lennart"
1101723,"definition restricting"
455743,"monoliths definition"
1101714,"definition, nepotism"
129792,"define: systemic"
1094724,"hypotenuse define"
124128,"define mni"
175251,"dove meaning"
396391,"insight cuba"
1094453,"indent meaning"
504044,"stonewalling definition"
1094395,"inquiry' definition"
1094394,"acetate definition"
1094370,"intensest definition"
1094369,"intensify meaning"
1094364,"interchange definition"
1094361,"ayi price"
482666,"prohibition defdinition"
1101668,"denora anodes"
445908,"mastocytosis symptoms"
486274,"recuse meaning"
525467,"tump definition"
1094062,"balloon meaning"
1093966,"banana cultivars"
536791,"viable meaning?"
499413,"slumped definition"
29612,"auger defined"
1093717,"kamikaze definition"
1093637,"lactose symptoms"
1093534,"largest trampoline"
49435,"beard define"
1093487,"laws synonyms"
1093438,"lickspittle defined"
140161,"definition wedgie"
1093419,"limp meaning"
1093349,"localism define"
1093312,"loperamide effects"
1093235,"managed meaning"
1093231,"mandibular functions"
1093202,"markdown meaning"
1093181,"martinica meaning"
129228,"define workflow"
1093128,"meaning district"
61531,"campagnolo bikes"
57270,"burning libraries"
96602,"concomitant, definition"
1092643,"mitt trainings"
1092605,"monster types"
1092416,"mothball meaning"
1092394,"msdcf definition"
1092391,"muckraking definition"
1092348,"naegleria symptoms"
116431,"deed restrictions"
1092257,"negar meaning"
1092176,"norm definition?"
1092143,"np average"
54307,"blackmail definition"
187818,"flash definition"
1091973,"benson radiology"
119089,"define cleft"
1091833,"parceling definition"
1091659,"bier define"
1091569,"pity meaning"
58234,"calan medication"
180693,"enlarge definition"
194724,"gesundheit meaning"
1091269,"proclivity meaning"
1091206,"putrescine definition"
1091189,"qualify definition"
1091163,"racket define"
1091048,"retaliatory define"
1091015,"righteousness definition"
1090924,"sagging meaning"
1090842,"scriber definition"
93311,"cliff definition"
1090808,"semispinalis function"
1090791,"serve define"
97652,"contacts meaning"
1090596,"smirk meaning"
1090558,"someone definition"
1090550,"songhai definition"
1090542,"sorcerer definition"
1090540,"sore synonyms"
176065,"drops definition"
1090458,"bondsman definition"
111995,"cours definition"
1090358,"strophe meaning"
1090352,"sty causes"
1090329,"summit define"
195199,"glioma meaning"
118457,"define bona fides"
342285,"how titanic facts"
89786,"central city definition"
92542,"circulation money definition"
196232,"government does do"
1090184,"synonym of subordinate"
1090165,"synonyms of ignorant"
127984,"define tension stress"
1090151,"systemic response definition"
1090110,"tax planning defined"
1089693,"the wellness collective"
1089645,"brownsburg in zip"
1089597,"time in yekaterinburg"
1089511,"tooth veneers process"
1089408,"troy student population"
1089325,"types of fingerprints"
1089044,"valve of hasner"
1089021,"vehicula latin meaning"
1089001,"vermont chocolate factory"
1088987,"cad heart related"
1088958,"cadi b age"
1088947,"cadillac alternator price"
1088856,"war thunder launcher"
1088832,"was collective noun"
1101131,"door knocker definition"
1088606,"california wildfire largest"
1088541,"weather in fletcher,nc"
1088475,"weather in holmes,ny"
1088453,"calories burrito supreme"
1088164,"weather in warwick"
1087999,"weston wv taxes"
1087774,"what are aneurysm"
1087566,"what are hcp"
1087492,"what are mesas"
1087486,"what are millibar"
1087484,"what are mofongo"
1087425,"what are pitchforks"
1087309,"what are smacks"
1086628,"what are tor"
1100930,"ecrater phone number"
1085762,"what contains capsaicin"
1100852,"electroconvulsive therapy definition"
1084192,"what does aus"
1083831,"what does fertilization?"
1100634,"apolipoprotein what disease"
1080950,"cheated on definition"
1080031,"what gao office"
1102240,"definition of savior"
1078765,"what helps hives"
1077002,"what is (prospectus"
1100499,"foodborne trematodiases symptoms"
1100438,"forget paris cast"
1100403,"arcadis phone number"
1064808,"what is acantholysis"
1064206,"color of urine"
1063758,"colors in code"
1062687,"commercial buildings definition"
1062223,"what is animsition"
1060040,"what is betts"
1059077,"composite object definition"
1058952,"what is cataflam"
1058515,"what is cladribine"
1058470,"what is clockspring"
1058141,"what is conjugated"
1057937,"confident man definition"
1057708,"confirmation number definition"
1056211,"constructivism education define"
1056163,"what is eaglewood"
1056060,"what is elbaite"
1054438,"what is grievances"
1102206,"definition of sentimentality"
1051942,"what is limericks"
1051902,"what is lips"
1051808,"what is lmis"
1051530,"what is mastoidectomy"
1051520,"what is maxim"
1100190,"green card definition"
1051229,"what is memcached"
1051223,"what is menhir"
1051214,"what is meningitis."
1100188,"green fielding meaning"
1051112,"what is methanogens"
1049791,"what is njstart"
1048303,"what is pimple"
1048282,"what is pivx"
1048185,"what is pododermatitis"
1047917,"cost of hawkeye"
1047738,"what is prop"
1047700,"what is proteomics"
1047642,"what is ptztv"
1047629,"what is pummelo"
1047548,"what is qd?"
1047386,"what is recl"
1100106,"harry potter parents"
1045227,"what is termis"
1100070,"head turner meaning"
1099998,"herbold law grinnell"
1036782,"crm finance definition"
1102177,"definition of shagreen"
1035367,"cto systems meaning"
1099914,"highest wind gust"
1099888,"history bent definition"
1099859,"hojiblanca olive oil"
1099855,"holgate ohio population"
1030378,"cwh price target"
1029544,"what is tracers"
1029124,"what is upsell"
1029031,"what is usta"
1028538,"what is xinput"
1099806,"honest kitchen foods"
1024727,"what mla format"
1017276,"define diencephalic syndrome"
1013304,"define hemolytic reactions"
1009749,"what's a longshoreman?"
1009742,"what's a pollinator"
1000083,"define: precipitous delivery"
998905,"definition do classic"
998675,"where is lewisburg"
998591,"where is mathura"
998101,"definition for philosophie"
997932,"where is roots"
997351,"definition neurogenic claudication"
996623,"where ostrich live"
995756,"definition of ally"
994867,"definition of azimuth"
994533,"which google home"
992839,"definition of curfew"
992363,"who are quakers"
992257,"who authored desperation"
992191,"definition of dongle"
991782,"who excavated knossos"
991210,"definition of explicate"
990375,"who is jeconiah"
990345,"definition of futility"
988253,"who owns mers"
988124,"definition of lu"
987230,"who sings unforgettable"
987183,"who studied neptune"
986936,"who was carlomagno"
986852,"who was dauphin"
986484,"definition of out"
984774,"definition of quoting"
129837,"define: wrongful prosecution"
81993,"cannot delete partition"
112035,"courtesy of meaning"
96379,"compressive atelectasis definition"
141694,"describe java.awt package"
36214,"average egg prices"
96749,"concurrent disorders definition"
181394,"erp software definition"
83448,"cast of monk"
10157,"academic cheating definition"
97895,"contract number piid"
53813,"binding spell definition"
136209,"definition of menses"
92437,"cincinnati baseball teams"
158887,"do selfies flip"
135516,"definition of infraction"
125627,"define precocious puberty"
94865,"coloring pages numbers"
135386,"definition of imagination"
108622,"cost root canal"
149790,"different hindu prayers"
59217,"calorie sweet potatoes"
130932,"definition for naive"
139239,"definition of velvet"
199572,"head sores scalp"
56033,"brandywine md population"
107077,"cost of slate"
17848,"anatomy origin definition"
22882,"are herpes contagious"
195440,"gnosticism heresy definition"
193742,"gendered phenomenon definition"
132359,"definition of anthropology"
186390,"fenugreek supplement benefits"
196111,"gorm the dissolver"
57882,"cabin fever meaning"
46579,"average vehicle length"
132104,"definition of airbrush"
39577,"average of rn"
1101995,"why is tofu?"
204924,"homocysteine routine test"
113664,"curious definition synonyms"
10205,"accelerated cml symptoms"
139090,"definition of tumor"
196596,"granulocytes dendritic cells"
154301,"divine wisdom definition"
93649,"clutch baseball definition"
116939,"define  simplify math"
203390,"hip arthroscopy definition"
757275,"what is ied"
128772,"define user maintenance"
438286,"leadership coaching definition"
464860,"node js import"
409854,"is fainting serious"
193581,"gaussian surface definition"
129229,"define workflow process"
448976,"meaning of potsherd"
756949,"what is iboss"
180902,"environment variables types"
558263,"what are endotoxins?"
433220,"job applicant definition"
471705,"parasympathetic dominance definition"
503381,"statute miles definition"
731759,"what is cobol"
456016,"moon spiritual meaning"
499904,"socially dysfunctional definition"
463133,"negative pressure definition"
487279,"remit payment definition"
736347,"what is csfb"
732618,"what is compassion?"
510867,"taylor swift rapping"
470611,"outflow boundary definition"
523952,"translation definition geometry"
548254,"wenatchee washington population"
448975,"meaning of postural"
432602,"jackfruit recipe vegan"
485287,"ranger college cost"
755465,"what is hominid"
48417,"bait-and-switch advertising definition"
745559,"what is excavatum"
512405,"temperature in terryville."
91345,"chemistry amu definition"
469535,"optimum performance definition"
751778,"what is gomorrah"
453270,"mia nrt distance"
524722,"tricuspid atresia definition"
476483,"policy making definition"
735343,"what is counter"
433549,"jujube candy flavors"
1288,"3/5 of 60"
477380,"population of buffalo"
521402,"time travel theories"
759503,"what is instamed"
461491,"name meaning paige"
397090,"intermediate anatomy definition"
484551,"que pasa definition"
753168,"what is gwa"
422501,"is rhinitis painful"
1096533,"average oxygen level"
142782,"diabetes medication farxiga"
2,"androgen receptor define"
54040,"bipolar mood symptoms"
1101870,"willie mays worth"
461601,"name morgan meaning"
443081,"lotte world skyscraper"
747937,"what is floof"
467683,"object pronoun definition"
708781,"what is agave?"
731886,"what is codonopsis"
97766,"continental congress meaning"
420934,"is physical therapy"
437165,"largest rabbit breeds"
505171,"sulfate cas number"
453451,"microchip phone number"
448035,"meaning of interval"
1101845,"wnli phone number"
505541,"suprapubic prostatectomy definition"
555558,"what are bifidobacterium"
440362,"linking verb synonym"
466335,"number bingo cards"
722413,"what is barron"
408739,"is drifting faster"
481961,"private club definition"
525660,"turpentine slang meaning"
463635,"neurological syphilis symptoms"
755459,"what is hometown"
433685,"justification  definition literature"
464663,"nitrocellulose cas number"
758901,"what is inductance"
116517,"deepest voice ever"
561448,"what are mandrakes"
743696,"what is emsi??"
724121,"what is bioflavonoids"
718782,"what is anxiety"
485558,"reaction augmentin symptoms"
392501,"ikat fabric definition"
486370,"redbone definition slang"
548673,"wget http files"
749267,"what is fructose?"
739743,"what is dihydroquercetin"
472448,"paychex fax number"
595568,"what cisco ios"
1101806,"wow essential oil"
508316,"symptoms of ocd"
129205,"define wolff's law"
522076,"tobira stock price"
510229,"tabs3 phone number"
758909,"what is inductive"
408427,"is distance mm"
537410,"virus reproduce name"
449244,"meaning of solute"
94953,"columbus iron works"
727707,"what is carbohydrates?"
4947,"ludacris net worth"
555590,"what are biokinetics"
1095495,"average salary seguin"
536995,"view pay stub"
474234,"phantom pain definition"
438058,"lauren london age"
728060,"what is carpuject"
115930,"dcu routing number'"
455782,"monoxide poisoning symptoms"
741977,"what is dynamics"
450851,"media definition examples"
588627,"what causes hepatomegaly"
476947,"population density definition"
530602,"types organizational structure"
203458,"hippo denotation definition"
521801,"tissue creep definition"
749752,"what is gabba"
388950,"hp envy size"
752473,"what is granicrete"
130825,"definition for daring"
469819,"organelle short definition"
729697,"what is chattahoochee"
127098,"define sim card"
1101739,"definition of vit"
478981,"pottawatomie massacre quizlet"
726076,"what is broth"
391125,"ie import bookmarks"
450788,"mechanical errors definition"
563347,"what are plastids"
707513,"what is acha"
433579,"jumbo loan definition"
503580,"stepford wife definition"
738484,"what is dendrochronology"
507934,"symptoms of hypocalcemia"
742022,"what is dysgraphia?"
760512,"what is ip?"
748321,"what is fontanelle"
559009,"what are foragers"
528117,"types of honeysuckle"
1094759,"hss security inc."
112477,"creative arts definition"
1094755,"hudson ohio population"
724571,"what is blackleg"
398335,"irish foods list"
467274,"nurses elbow causes"
518940,"the stone age"
743708,"what is emulation"
1094634,"imitrex tablets cost"
455273,"modality cardinal meaning"
453851,"military regime definition"
726098,"what is brownfields"
541948,"watery blurry eyes"
740416,"what is djgpp"
462979,"ndola lime address"
471983,"partner enablement definition"
475402,"pima cotton definition"
549235,"what a pronoun"
708517,"what is advertisement?"
391101,"idiotsguides tai chi"
1576,"60x40 slab cost"
538333,"voluntary muscle definition"
618408,"what device cools"
1094389,"insertion point definition"
506181,"symmetry math definition"
744891,"what is espresso"
425072,"is sweden switzerland"
473935,"personal involvement definition"
96250,"complex protein definition"
137440,"definition of prostration"
494346,"secura personal cleanser"
402075,"is alopecia permanent"
563359,"what are platitudes"
124534,"define nfc technology"
138223,"definition of slouch"
1094220,"is bernadette pregnant"
522151,"toenails growing curved"
1094197,"is cholecystitis fatal"
545450,"weather in ovett"
448183,"meaning of loggers"
725047,"what is bobtail?"
524699,"tricare service number"
544308,"weather in germany"
82161,"cannot uninstall windirstat"
525779,"twin tower adress"
720013,"what is arzoo"
483241,"protein diet definition"
1093959,"is testosterone controlled"
535421,"valentina  definition name"
536654,"vestibular hypofunction definition"
982481,"where is fairview"
786021,"what is ppp"
1093791,"bara properties inc"
1093786,"barbados: history definition"
1093773,"jefferson college address"
771694,"what is mhs?"
772928,"what is moca"
792900,"what is rylon"
95286,"commercial roaming definition"
1093698,"ketamine withdrawal symptoms"
763878,"what is kyc?"
790059,"what is rectocele?"
1093650,"kyna name meaning"
978057,"where is berrimah"
981400,"where is disney"
1093556,"largest onion producers"
1093552,"largest oyster ever"
780336,"what is orthorexia"
778139,"what is nrn"
53897,"biological culture definition"
762111,"what is javascript?"
856171,"what is tipm"
773998,"what is mrsi"
1035228,"who is legalshield"
132639,"definition of attorney"
1093305,"lovenox resp effects"
767745,"what is mag"
1101566,"diaphragm basic function"
983438,"where is glenfinnan"
1093179,"marvin's room cast"
1093172,"mastercard stock prices"
788851,"what is qualfon"
796056,"what is sidney"
130034,"definition  moebius syndrome"
788702,"what is qa?"
1061994,"why data sampling"
800987,"what is sunchoke"
1092984,"meaning of porting"
924895,"what woah means"
1092952,"meaning of stinge"
862345,"what is wdm"
10264,"access parallels cost"
1092911,"meaning of yay"
987660,"where is melanin"
766272,"what is lispro"
1092796,"meller candy calories"
795991,"what is siam"
979054,"where is caba"
782696,"what is perched"
1092715,"military caisson definition"
789037,"what is quillaia"
1092665,"minnesota's current population"
1038592,"who is spanish"
196720,"graveyard shift meaning"
792688,"what is rthdvbg"
135464,"definition of indeterminism"
1078491,"winn companies salaries"
859669,"what is usaid"
970152,"where did wd40"
900450,"what tcm means"
762761,"what is kalel"
975997,"where is 89130"
796383,"what is simplicheck"
860942,"what is viastone"
1092263,"nebl coin price"
1092258,"neg hx meaning"
1028555,"who internship glassdoor"
1080419,"wow stonetalon mountains"
863187,"what is wintv"
798945,"what is spotting"
990010,"where is paihia"
1101448,"ancestor biology definition"
801478,"what is sweetfx"
775355,"what is natamycin"
860573,"what is venator"
1091850,"pantone color numbers"
794625,"what is secession"
1059619,"who's the killer"
59084,"calling powershell functions"
1044755,"who needs dialysis"
800243,"what is streak"
1091576,"pineapple conure price"
196963,"green card meaning"
1091529,"polystone uhmw weight"
1029681,"who is adia"
1091471,"population of jabodatek"
792977,"what is sacrococcygeal"
1080968,"xfinity support number"
882982,"what open valves"
788035,"what is ptb"
1038849,"who is supergirl"
860542,"what is velocity"
194870,"ghost meaning urban"
200600,"heels or heal"
1091246,"property premises meaning"
1091158,"binomial factor definition"
795540,"what is shaft"
1080495,"wpm average speed"
1091112,"redux phone number"
1091082,"ren meaning chinese"
1091068,"requirements for cornell"
1081321,"yeast symptoms std"
131925,"definition of aberration"
918424,"what was grenfell"
768133,"what is malmsey"
764691,"what is lavf"
863817,"what is xanthan"
763084,"what is keratoconjunctivitis?"
25036,"are spasms harmful"
863738,"what is wwn"
1090887,"black sea definition"
1090886,"saphenous neuropathy symptoms"
780850,"what is oxycodone"
791140,"what is respite"
1090789,"server virtualization defined"
1090758,"shane net worth"
857943,"what is trump"
784961,"what is polarised"
1090730,"shopko kennewick address"
135079,"definition of hamburger"
798967,"what is spredfast"
186727,"fifth season vikings"
135633,"definition of introspective."
1090613,"slainte - meaning?"
55848,"bracelet charms numbers"
113826,"current fad diet"
126821,"define scooped out"
184916,"family roots definition"
99461,"cooperative building definition"
197542,"guatemala absolute location"
194430,"george lucas entrepreneur"
59426,"calories crab meat"
53109,"biggest german shepherds"
49234,"bay rum scent"
1090513,"spectrum jobs benefits"
137508,"definition of purse"
186063,"federalism theology definition"
35996,"average developer salary"
121017,"define engineering controls"
129491,"define: dog's life"
1090377,"booth mba cost"
100661,"cost estimation technique"
82842,"carnelian color meaning"
180887,"enu protein shake"
1090311,"sustained definition law"
